{
  "project_info": {
    "project_number": "886612977205",
    "project_id": "project-c14200147",
    "storage_bucket": "project-c14200147.appspot.com"
  },
  "client": [
    {
      "client_info": {
        "mobilesdk_app_id": "1:886612977205:android:201e430c760ee24d26b37c",
        "android_client_info": {
          "package_name": "com.example.projekandroid"
        }
      },
      "oauth_client": [
        {
          "client_id": "886612977205-qol0hi86mqu6mkb7p1d72pp2irs8mjod.apps.googleusercontent.com",
          "client_type": 3
        }
      ],
      "api_key": [
        {
          "current_key": "AIzaSyDDgfi3na9X6TPhsBuxbyZp7nZQXx-Y_Pg"
        }
      ],
      "services": {
        "appinvite_service": {
          "other_platform_oauth_client": [
            {
              "client_id": "886612977205-qol0hi86mqu6mkb7p1d72pp2irs8mjod.apps.googleusercontent.com",
              "client_type": 3
            }
          ]
        }
      }
    }
  ],
  "configuration_version": "1"
}